timestamp,vehicle_id,route
0,vehicle_10001,-93 91 -57 55 107 138 -121 119
0,vehicle_10002,-73 -47 -21 -7 5 -10 14 93
0,vehicle_10003,-121 117 -80 78 -71 73
0,vehicle_10004,-73 -47 -21 -7 5 15 -12 14
0,vehicle_10005,-138 -107 -19 -7 5 17 41
0,vehicle_10006,-71 -47 -21 -7 5 -10 14 93 126 -132
0,vehicle_10007,-138 -107 -55 -9 5 17 41
0,vehicle_10008,-47 -21 -7 5 15 -12 14 93
0,vehicle_10009,-55 57 -91 93 126 -132
0,vehicle_100010,91 -57 55
0,vehicle_100011,131 -57 55 107 138 -121 119
0,vehicle_100012,-55 57 -91
0,vehicle_100013,131 -57 55 107 138 -121 119
0,vehicle_100014,-138 -107 -55 57 -91
0,vehicle_100015,-55 57 -91 93 126 -132
0,vehicle_100016,131 -57 55
0,vehicle_100017,-73 71 -50 48 -66 -41 -17 -5 9 57 -91
0,vehicle_100018,-19 -7 9 57 -91 93 126 -132
0,vehicle_100019,-47 -21 -7 5 15 -12 14 93
0,vehicle_100020,131 -57 55
300,vehicle_10001,-93 91 -57 55 107 138 -121 119
300,vehicle_10003,-138 -107 -55 -9 7 21 47 73
300,vehicle_10004,-73 71 -50 -21 -7 5 -10 14
300,vehicle_10005,-138 -107 -55 -9 5 17 41
300,vehicle_10006,-50 -21 -7 3 14 93 126 -132
300,vehicle_10007,-138 -107 -55 -9 5 17 41
300,vehicle_10008,71 -50 -21 -7 5 -10 14 93
300,vehicle_10009,-19 -7 9 57 -91 93 126 -132
300,vehicle_100010,93 126 -132 131 -57 55
300,vehicle_100011,131 -57 55 107 138 -121 119
300,vehicle_100012,-55 -9 5 15 -12 14
300,vehicle_100013,131 -57 55 107 138 -121 119
300,vehicle_100014,-138 -107 -55 57 -91
300,vehicle_100015,-55 -9 5 15 -12 14 93 126 -132
300,vehicle_100016,131 -57 55
300,vehicle_100018,-55 -9 3 14 93 126 -132
300,vehicle_100019,71 -50 -21 -7 5 -10 14 93
300,vehicle_100020,-99 91 -57 55
600,vehicle_10001,-93 91 -57 55 107 138 -121 119
600,vehicle_10002,-73 71 -50 -21 -7 3 14 93
600,vehicle_10003,-138 -107 -55 -9 7 21 47 73
600,vehicle_10004,-73 71 -50 -21 -7 3 14
600,vehicle_10005,-138 -107 -55 -9 5 17 41
600,vehicle_10006,-71 -47 -21 -7 9 57 -91 93 126 -132
600,vehicle_10007,-138 -107 -19 -7 5 17 41
600,vehicle_10008,71 -50 -21 -7 5 15 -12 14 93
600,vehicle_10009,-55 57 -91 93 126 -132
600,vehicle_100010,93 126 -132 131 -57 55
600,vehicle_100012,-19 -7 9 57 -91
600,vehicle_100014,-138 -107 -55 57 -91
600,vehicle_100015,-19 -7 9 57 -91 93 126 -132
600,vehicle_100016,-99 91 -57 -9 7 19
600,vehicle_100017,-73 71 -50 -21 -7 5 15 -12 14
600,vehicle_100018,-55 -9 5 15 -12 14 93 126 -132
600,vehicle_100019,71 -50 -21 -7 3 14 93
600,vehicle_100020,-99 91 -57 -9 7 19
900,vehicle_10003,-138 -107 -55 -9 7 21 47 73
900,vehicle_10005,-138 -107 -55 -9 5 17 41
900,vehicle_10006,-71 -47 -21 -7 3 14 99
900,vehicle_10007,-138 -107 -55 -9 5 17 41
900,vehicle_10008,-47 -21 -7 3 14 99 132 -126
900,vehicle_10009,-55 -9 3 14 99
900,vehicle_100010,99 131 -57 55
900,vehicle_100011,-99 -14 -3 9 55 107 138 -121 119
900,vehicle_100012,-55 -9 3 14
900,vehicle_100013,131 -91 -14 -3 9 55 107 138 -121 119
900,vehicle_100014,-138 -107 -55 -9 3 14
900,vehicle_100015,-55 -9 3 14 99
900,vehicle_100016,-99 -14 -3 9 55
900,vehicle_100018,-55 -9 3 14 99
900,vehicle_100019,-47 -21 -7 5 15 -12 14 99 132 -126
900,vehicle_100020,-99 -14 -3 9 55
1200,vehicle_10001,-93 99 131 -57 -9 7 25 86 119
1200,vehicle_10003,-121 -86 78 -71 73
1200,vehicle_10004,-73 -47 -21 -7 9 57 -131 -99
1200,vehicle_10005,-121 -86 78 -71 -47 48 -66
1200,vehicle_10006,-71 -47 -21 -7 3 14 99
1200,vehicle_10007,-121 -86 78 -71 -47 48 -66
1200,vehicle_10008,71 -50 -21 -7 3 14 99 132 -126
1200,vehicle_10009,-55 -9 3 14 99
1200,vehicle_100010,99 131 -57 -9 7 19
1200,vehicle_100011,-99 91 -57 -9 7 25 86 119
1200,vehicle_100012,-55 -9 3 14
1200,vehicle_100013,-99 -14 -3 9 55 107 138 -121 119
1200,vehicle_100014,-138 -107 -19 -7 9 57 -131 -99
1200,vehicle_100015,-55 -9 3 14 99
1200,vehicle_100016,-99 -14 -3 9 55
1200,vehicle_100017,-73 -47 -21 -7 3 14
1200,vehicle_100018,-19 -7 9 57 -131
1200,vehicle_100019,71 -50 -21 -7 3 14 99 132 -126
1200,vehicle_100020,-99 -14 -3 9 55
1500,vehicle_10001,-93 -14 -3 7 25 86 119
1500,vehicle_10002,-73 -47 -21 -7 3 14 93
1500,vehicle_10004,-73 -47 -21 -7 3 14
1500,vehicle_10006,-71 -47 -21 -7 3 14 93 126 -132
1500,vehicle_10008,-47 -21 -7 3 14 93
1500,vehicle_10009,-19 -7 3 14 93 126 -132
1500,vehicle_100010,93 126 -132 131 -57 -9 7 19
1500,vehicle_100012,-55 -9 3 14
1500,vehicle_100013,132 -126 -93 -14 -3 9 55 107 138 -121 119
1500,vehicle_100014,-138 -107 -19 -7 9 57 -91
1500,vehicle_100015,-55 -9 3 14 93 126 -132
1500,vehicle_100017,-73 -47 -21 -7 3 14
1500,vehicle_100018,-55 -9 3 14 93 126 -132
1500,vehicle_100019,71 -50 -21 -7 3 14 93
1500,vehicle_100020,-99 -14 -3 9 55
1800,vehicle_10001,-93 -14 -3 7 25 86 119
1800,vehicle_10002,-73 -47 -21 -7 3 14 93
1800,vehicle_10004,-73 -47 -21 -7 3 14
1800,vehicle_10006,-78 -25 -7 3 14 93 126 -132
1800,vehicle_10008,-47 -21 -7 3 14 93
1800,vehicle_10009,-55 -9 3 14 93 126 -132
1800,vehicle_100010,93 126 -132 131 -57 -9 7 19
1800,vehicle_100011,-99 -14 -3 9 55 107 138 -121 119
1800,vehicle_100012,-55 -9 3 14
1800,vehicle_100013,-99 -14 -3 7 25 86 119
1800,vehicle_100014,-138 -107 -19 -7 3 14
1800,vehicle_100015,-55 -9 3 14 93 126 -132
1800,vehicle_100016,132 -126 -93 -14 -3 9 55
1800,vehicle_100017,-73 -47 -21 -7 3 14
1800,vehicle_100018,-19 -7 3 14 93 126 -132
1800,vehicle_100019,-47 -21 -7 3 14 93
1800,vehicle_100020,132 -126 -93 -14 -3 9 55
2100,vehicle_10001,-93 -14 -3 7 25 86 119
2100,vehicle_10002,-73 -47 -21 -7 3 14 93
2100,vehicle_10003,-138 -107 -55 -9 7 21 47 73
2100,vehicle_10004,-73 -47 -21 -7 3 14
2100,vehicle_10006,-71 -47 -21 -7 3 14 93 126 -132
2100,vehicle_10008,-47 -21 -7 3 14 93
2100,vehicle_10009,-19 -7 5 15 -12 14 93 126 -132
2100,vehicle_100010,93 126 -132 131 -57 -9 7 19
2100,vehicle_100011,132 -126 -93 -14 -3 7 25 86 119
2100,vehicle_100013,132 -126 -93 -14 -3 9 55 107 138 -121 119
2100,vehicle_100014,-138 -107 -19 -7 3 14
2100,vehicle_100016,132 -126 -93 -14 -3 7 19
2100,vehicle_100017,-73 -47 -21 -7 3 14
2100,vehicle_100019,-47 -21 -7 3 14 93
2100,vehicle_100020,132 -126 -93 -14 -3 9 55
2400,vehicle_10001,-93 -14 -3 7 25 86 119
2400,vehicle_10002,-73 71 -78 86 121 -138 -107 -19 -7 5 -10 14 93
2400,vehicle_10003,-121 117 -80 78 -71 73
2400,vehicle_10004,-73 71 -50 -21 -7 3 14
2400,vehicle_10006,-71 -47 -21 -7 3 14 93 126 -132
2400,vehicle_10008,-47 -21 -7 3 14 93
2400,vehicle_10009,107 138 -121 -86 -25 -7 3 14 93 126 -132
2400,vehicle_100010,93 126 -132 131 -57 -9 7 19
2400,vehicle_100011,132 -126 -93 -14 -3 7 25 86 119
2400,vehicle_100012,107 138 -121 -86 78 -71 -47 -21 -7 5 15 -12 14
2400,vehicle_100013,132 -126 -93 -14 -3 7 25 86 119
2400,vehicle_100014,-121 -86 -25 -7 3 14
2400,vehicle_100015,107 138 -121 -86 -25 -7 3 14 93 126 -132
2400,vehicle_100016,132 -126 -93 91 -57 -9 7 19
2400,vehicle_100017,-73 -47 -21 -7 3 14
2400,vehicle_100018,107 138 -121 117 -80 -25 -7 3 14 93 126 -132
2400,vehicle_100019,71 -78 86 121 -138 -107 -19 -7 3 14 93
2400,vehicle_100020,132 -126 -93 -14 -3 7 25 86 121 -138 -107
2700,vehicle_10001,-93 -14 -3 7 25 86 119
2700,vehicle_10002,-73 -47 -21 -7 5 15 -12 14 93
2700,vehicle_10004,-73 71 -50 -21 -7 5 -10 14
2700,vehicle_10006,-71 -47 -21 -7 5 15 -12 14 93 126 -132
2700,vehicle_10008,-47 -21 -7 3 14 93
2700,vehicle_10009,-19 -7 9 57 -91 93 126 -132
2700,vehicle_100010,93 126 -132 131 -57 -9 7 19
2700,vehicle_100011,-99 -14 -3 7 25 86 119
2700,vehicle_100012,-19 -7 5 15 -12 14
2700,vehicle_100013,132 -126 -93 -14 -3 7 25 86 119
2700,vehicle_100014,-138 -107 -19 -7 3 14
2700,vehicle_100015,107 138 -121 117 -80 -25 -7 9 57 -91 93 126 -132
2700,vehicle_100016,132 -126 -93 -14 -3 9 55
2700,vehicle_100017,-73 71 -50 -21 -7 3 14
2700,vehicle_100018,-19 -7 9 57 -91 93 126 -132
2700,vehicle_100019,-47 -21 -7 3 14 93
2700,vehicle_100020,132 -126 -93 -14 -3 9 55
3000,vehicle_10001,-93 -14 -3 7 25 86 119
3000,vehicle_10002,-73 71 -78 86 121 -138 -107 -19 -7 3 14 93
3000,vehicle_10003,-121 -86 78 -71 73
3000,vehicle_10004,-73 71 -50 -21 -7 3 14
3000,vehicle_10005,-121 -86 -25 -7 5 17 41
3000,vehicle_10006,-78 86 121 -138 -107 -19 -7 3 14 93 126 -132
3000,vehicle_10007,-121 -86 -25 -7 3 12 -15 17 41
3000,vehicle_10008,71 -78 86 121 -138 -107 -19 -7 3 14 93
3000,vehicle_10009,-19 -7 3 14 93 126 -132
3000,vehicle_100010,93 126 -132 131 -57 -9 7 25 86 121 -138 -107
3000,vehicle_100011,132 -126 -93 -14 -3 7 25 86 119
3000,vehicle_100012,-19 -7 3 14
3000,vehicle_100013,132 -126 -93 -14 -3 9 55 107 138 -121 119
3000,vehicle_100014,-121 -86 -25 -7 3 14
3000,vehicle_100015,-19 -7 3 14 93 126 -132
3000,vehicle_100016,132 -126 -93 -14 -3 9 55
3000,vehicle_100017,-73 71 -78 86 121 -138 -107 -19 -7 3 14
3000,vehicle_100018,-19 -7 3 14 93 126 -132
3000,vehicle_100019,71 -78 86 121 -138 -107 -19 -7 3 14 93
3000,vehicle_100020,132 -126 -93 -14 -3 7 25 86 121 -138 -107
3300,vehicle_10001,-93 -14 -3 7 25 86 119
3300,vehicle_10002,-73 71 -50 -21 -7 3 14 93
3300,vehicle_10004,-73 -47 -21 -7 9 57 -91
3300,vehicle_10006,-71 -47 -21 -7 5 15 -12 14 93 126 -132
3300,vehicle_10008,-47 -21 -7 3 14 93
3300,vehicle_10009,-19 -7 3 14 93 126 -132
3300,vehicle_100010,-14 -3 7 25 86 121 -138 -107
3300,vehicle_100011,-99 -14 -3 7 25 86 119
3300,vehicle_100012,-19 -7 3 14
3300,vehicle_100013,-99 -14 -3 7 25 86 119
3300,vehicle_100014,-138 -107 -19 -7 5 15 -12 14
3300,vehicle_100015,-19 -7 3 14 93 126 -132
3300,vehicle_100016,-99 -14 -3 9 55
3300,vehicle_100017,-73 -47 -21 -7 3 14
3300,vehicle_100018,-19 -7 3 14 93 126 -132
3300,vehicle_100019,-47 -21 -7 3 14 93
3300,vehicle_100020,-99 -14 -3 9 55
3600,vehicle_10001,-93 -14 -3 7 25 86 119
3600,vehicle_10002,-73 71 -78 86 121 -138 -107 -19 -7 3 14 93
3600,vehicle_10003,-121 -86 78 -71 73
3600,vehicle_10004,-73 71 -78 86 121 -138 -107 -19 -7 5 -10 14
3600,vehicle_10005,-121 -86 78 -71 -47 48 -66
3600,vehicle_10006,-71 -47 -21 -7 5 15 -12 14 97 -132
3600,vehicle_10007,-121 -86 78 -71 -47 48 -66
3600,vehicle_10008,71 -78 86 121 -138 -107 -19 -7 3 14 97 -126
3600,vehicle_10009,107 138 -121 -86 78 -71 -47 -21 -7 3 14 93 126 -132
3600,vehicle_100010,-14 -3 9 55
3600,vehicle_100011,-99 -14 -3 7 25 86 119
3600,vehicle_100012,107 138 -121 -86 -25 -7 3 14
3600,vehicle_100013,-99 -14 -3 7 25 86 119
3600,vehicle_100014,-121 -86 -25 -7 5 -10 14
3600,vehicle_100015,107 138 -121 -86 -25 -7 3 14 93 126 -132
3600,vehicle_100016,-99 -14 -3 7 19
3600,vehicle_100017,-73 71 -78 86 121 -138 -107 -19 -7 3 14
3600,vehicle_100018,-55 -9 5 15 -12 14 93 126 -132
3600,vehicle_100019,71 -78 86 121 -138 -107 -19 -7 3 14 93
3600,vehicle_100020,-99 -14 -3 9 55
3900,vehicle_10001,-93 -14 -3 9 55 107 138 -121 119
3900,vehicle_10002,-73 71 -50 -21 -7 5 -10 14 93
3900,vehicle_10003,-138 -107 -55 -9 7 25 78 -71 73
3900,vehicle_10004,-73 71 -50 -21 -7 5 -10 14
3900,vehicle_10005,-138 -107 -55 -9 5 17 41
3900,vehicle_10006,-71 -47 -21 -7 3 14 93 126 -132
3900,vehicle_10007,-138 -107 -55 -9 5 17 41
3900,vehicle_10008,-47 -21 -7 5 15 -12 14 93
3900,vehicle_10009,-55 -9 5 15 -12 14 93 126 -132
3900,vehicle_100010,93 126 -132 131 -57 -9 7 19
3900,vehicle_100011,132 -126 -93 -14 -3 9 55 107 138 -121 119
3900,vehicle_100012,-55 -9 5 15 -12 14
3900,vehicle_100013,-99 -14 -3 9 55 107 138 -121 119
3900,vehicle_100014,-138 -107 -55 -9 3 14
3900,vehicle_100015,-55 -9 3 14 93 126 -132
3900,vehicle_100016,132 -126 -93 -14 -3 9 55
3900,vehicle_100017,-73 71 -50 -21 -7 9 57 -91
3900,vehicle_100018,-19 -7 9 57 -91 93 126 -132
3900,vehicle_100019,71 -50 -21 -7 3 14 93
3900,vehicle_100020,132 -126 -93 -14 -3 9 55
4200,vehicle_10001,-93 -14 -3 7 25 86 119
4200,vehicle_10003,-121 -86 78 -71 73
4200,vehicle_10006,-71 -47 -21 -7 3 14 93 126 -132
4200,vehicle_10008,71 -78 86 121 -138 -107 -55 -9 3 14 93
4200,vehicle_10009,-55 -9 3 14 93 126 -132
4200,vehicle_100010,-14 -3 9 55
4200,vehicle_100011,132 -97 -14 -3 9 55 -19 25 86 119
4200,vehicle_100012,-55 -9 3 14
4200,vehicle_100013,132 -126 -93 -14 -3 7 25 86 119
4200,vehicle_100014,-121 117 -80 78 -71 -47 -21 -7 3 14
4200,vehicle_100015,-55 -9 3 14 93 126 -132
4200,vehicle_100016,132 -126 -93 -14 -3 9 55
4200,vehicle_100018,-55 -9 3 14 93 126 -132
4200,vehicle_100019,71 -78 86 121 -138 -107 -19 -7 9 57 -91 93
4200,vehicle_100020,132 -126 -93 -14 -3 9 55
4500,vehicle_10001,126 -97 91 -57 -9 7 25 86 119
4500,vehicle_10002,-73 -47 -21 -7 3 14 93
4500,vehicle_10004,-73 -47 -21 -7 5 -10 14
4500,vehicle_10005,-138 -107 -55 -9 5 17 41
4500,vehicle_10006,-71 -47 -21 -7 9 57 -91 93 126 -132
4500,vehicle_10007,-138 -107 -55 -9 5 17 41
4500,vehicle_10008,-47 -21 -7 3 14 93
4500,vehicle_10009,-55 -9 5 -10 14 93 126 -132
4500,vehicle_100010,93 126 -132 131 -57 -9 7 19
4500,vehicle_100011,132 -126 -93 -14 -3 9 55 107 138 -121 119
4500,vehicle_100012,-55 -9 3 14
4500,vehicle_100013,132 -126 -93 -14 -3 9 55 107 138 -121 119
4500,vehicle_100014,-138 -107 -55 -9 3 14
4500,vehicle_100015,-19 -7 9 57 -91 93 126 -132
4500,vehicle_100016,132 -126 -93 -14 -3 9 55
4500,vehicle_100017,-73 -47 -21 -7 9 57 -91
4500,vehicle_100018,-55 -9 5 15 -12 14 93 126 -132
4500,vehicle_100019,-47 -21 -7 9 57 -91 93
4500,vehicle_100020,132 -126 -93 -14 -3 9 55
4800,vehicle_10001,-93 -14 -3 9 55 107 138 -121 119
4800,vehicle_10002,-73 -47 -21 -7 3 14 93
4800,vehicle_10003,-121 -86 78 -71 73
4800,vehicle_10004,-73 -47 -21 -7 3 14
4800,vehicle_10006,-78 -25 -7 3 14 93 126 -132
4800,vehicle_10008,-47 -21 -7 3 14 93
4800,vehicle_10009,-19 -7 9 57 -91 93 126 -132
4800,vehicle_100010,93 126 -132 131 -57 -9 7 25 86 121 -138 -107
4800,vehicle_100011,-99 -14 -3 9 55 107 138 -121 119
4800,vehicle_100012,107 138 -121 -86 -25 -7 9 57 -91
4800,vehicle_100013,132 -126 -93 -14 -3 9 55 107 138 -121 119
4800,vehicle_100014,-138 -107 -55 -9 3 14
4800,vehicle_100015,-55 -9 5 15 -12 14 93 126 -132
4800,vehicle_100016,132 -126 -93 -14 -3 7 25 86 121 -138 -107
4800,vehicle_100017,-73 -47 -21 -7 3 14
4800,vehicle_100018,107 138 -121 -86 -25 -7 9 57 -91 93 126 -132
4800,vehicle_100019,-47 -21 -7 3 14 93
4800,vehicle_100020,132 -126 -93 -14 -3 9 55
5100,vehicle_10001,-93 -14 -3 7 25 86 119
5100,vehicle_10002,-73 -47 -21 -7 3 14 93
5100,vehicle_10003,-121 -86 78 -71 73
5100,vehicle_10004,-73 71 -78 -25 -7 5 15 -12 14
5100,vehicle_10007,-138 -107 -19 -7 9 57 -91 -14 12 -15 17 41
5100,vehicle_10008,-47 -21 -7 3 14 93
5100,vehicle_10009,107 138 -121 -86 -25 -7 5 15 -12 14 93 126 -132
5100,vehicle_100010,-14 -3 9 55
5100,vehicle_100011,-99 -14 -3 7 25 86 119
5100,vehicle_100012,107 138 -121 -86 -25 -7 9 57 -91
5100,vehicle_100013,-99 -14 -3 7 25 86 119
5100,vehicle_100014,-138 -107 -19 -7 3 14
5100,vehicle_100015,107 138 -121 -86 -25 -7 3 14 93 126 -132
5100,vehicle_100016,132 -97 -14 -3 9 55
5100,vehicle_100017,-73 -47 -21 -7 3 14
5100,vehicle_100018,107 138 -121 -86 -25 -7 9 57 -91 93 126 -132
5100,vehicle_100019,-47 -21 -7 5 15 -12 14 93
5100,vehicle_100020,-99 -14 -3 9 55
5400,vehicle_10001,-93 -14 -3 7 25 86 119
5400,vehicle_10002,-73 -47 -21 -7 3 14 93
5400,vehicle_10003,-138 -107 -55 -9 7 25 78 -71 73
5400,vehicle_10004,-73 -47 -21 -7 3 14
5400,vehicle_10005,-138 -107 -19 -7 5 17 41
5400,vehicle_10006,-71 -47 -21 -7 3 14 93 126 -132
5400,vehicle_10007,-138 -107 -55 -9 5 17 41
5400,vehicle_10008,-47 -21 -7 5 -10 14 93
5400,vehicle_10009,107 138 -121 -86 -25 -7 9 57 -91 93 126 -132
5400,vehicle_100010,93 126 -132 131 -57 -9 7 19
5400,vehicle_100011,-99 91 -57 -9 7 25 86 119
5400,vehicle_100012,107 138 -121 -86 -25 -7 9 57 -131 -99
5400,vehicle_100013,-99 -14 -3 7 25 86 119
5400,vehicle_100014,-138 -107 -19 -7 3 14
5400,vehicle_100015,107 138 -121 -86 -25 -7 9 57 -91 93 126 -132
5400,vehicle_100016,-99 -14 -3 9 55
5400,vehicle_100017,-73 -47 -21 -7 5 -10 14
5400,vehicle_100018,-55 -9 5 15 -12 14 93 126 -132
5400,vehicle_100019,-47 -21 -7 3 14 93
5400,vehicle_100020,-99 -14 -3 9 55
5700,vehicle_10001,-93 -14 -3 7 25 86 119
5700,vehicle_10002,-73 -47 -21 -7 3 14 97 -126
5700,vehicle_10003,-121 -86 78 -71 73
5700,vehicle_10004,-73 -47 -21 -7 3 14
5700,vehicle_10005,-121 -86 -25 -7 5 17 41
5700,vehicle_10006,-71 -47 -21 -7 9 57 -91 93 126 -132
5700,vehicle_10007,-121 -86 -25 -7 3 10 17 41
5700,vehicle_10008,-47 -21 -7 3 14 93
5700,vehicle_10009,-19 -7 3 14 93 126 -132
5700,vehicle_100010,93 126 -132 131 -57 -9 7 25 86 121 -138 -107
5700,vehicle_100011,-99 -14 -3 7 25 86 119
5700,vehicle_100012,-19 -7 5 15 -12 14
5700,vehicle_100013,-99 91 -57 -9 7 25 86 119
5700,vehicle_100014,-121 -86 -25 -7 3 14
5700,vehicle_100015,-19 -7 5 -10 14 93 126 -132
5700,vehicle_100016,-99 -14 -3 9 55
5700,vehicle_100017,-73 -47 -21 -7 3 14
5700,vehicle_100018,107 138 -121 -86 -25 -7 9 57 -91 93 126 -132
5700,vehicle_100019,-47 -21 -7 5 15 -12 14 97 -126
5700,vehicle_100020,-99 -14 -3 9 55
6000,vehicle_10001,-93 -14 -3 7 25 86 119
6000,vehicle_10002,-73 -47 -21 -7 5 15 -12 14 93
6000,vehicle_10004,-73 -47 -21 -7 3 14
6000,vehicle_10005,-138 -107 -19 -7 5 17 41
6000,vehicle_10006,-71 -47 -21 -7 3 14 93 126 -132
6000,vehicle_10007,-138 -107 -19 -7 5 17 41
6000,vehicle_10008,-47 -21 -7 5 15 -12 14 93
6000,vehicle_10009,107 138 -121 -86 -25 -7 3 14 93 126 -132
6000,vehicle_100010,-14 -3 9 55
6000,vehicle_100011,-99 -14 -3 7 25 86 119
6000,vehicle_100012,107 138 -121 -86 -25 -7 9 57 -91
6000,vehicle_100013,-99 -14 -3 7 25 86 119
6000,vehicle_100014,-138 -107 -19 -7 3 14
6000,vehicle_100015,107 138 -121 -86 -25 -7 9 57 -91 93 126 -132
6000,vehicle_100016,132 -126 -93 -14 -3 9 55
6000,vehicle_100017,-73 -47 -21 -7 3 14
6000,vehicle_100018,107 138 -121 -86 -25 -7 9 57 -91 93 126 -132
6000,vehicle_100019,-47 -21 -7 5 15 -12 14 93
6000,vehicle_100020,132 -126 -93 -14 -3 9 55
6300,vehicle_10001,126 -97 -14 -3 7 25 86 119
6300,vehicle_10002,-73 -47 -21 -7 5 -10 14 93
6300,vehicle_10003,-121 -86 78 -71 73
6300,vehicle_10004,-73 -47 -21 -7 3 14
6300,vehicle_10005,-138 -107 -19 -7 5 17 41
6300,vehicle_10007,-138 -107 -19 -7 5 17 41
6300,vehicle_10009,107 138 -121 -86 -25 -7 5 15 -12 14 93 126 -132
6300,vehicle_100010,93 126 -132 131 -57 -9 7 25 86 121 -138 -107
6300,vehicle_100011,132 -126 -93 -14 -3 7 25 86 119
6300,vehicle_100012,107 138 -121 -86 -25 -7 3 14
6300,vehicle_100013,-99 -14 -3 7 25 86 119
6300,vehicle_100014,-138 -107 -19 -7 5 15 -12 14
6300,vehicle_100015,107 138 -121 -86 -25 -7 3 14 93 126 -132
6300,vehicle_100016,-99 -14 -3 9 55
6300,vehicle_100017,-73 -47 -21 -7 3 14
6300,vehicle_100018,107 138 -121 -86 -25 -7 3 14 93 126 -132
6300,vehicle_100020,-99 -14 -3 9 55
6600,vehicle_10001,-93 -14 -3 7 25 86 119
6600,vehicle_10003,-121 117 -80 78 -71 73
6600,vehicle_10004,-73 -47 -21 -7 3 14
6600,vehicle_10005,-138 -107 -19 -7 9 57 -91 -14 12 -15 17 41
6600,vehicle_10006,-78 80 -117 121 -138 -107 -19 -7 5 -10 14 93 126 -132
6600,vehicle_10007,-121 -86 -25 -7 5 17 41
6600,vehicle_10009,-19 -7 3 14 93 126 -132
6600,vehicle_100010,-14 -3 9 55
6600,vehicle_100011,-99 -14 -3 7 25 86 119
6600,vehicle_100012,-19 -7 5 15 -12 14
6600,vehicle_100013,-99 -14 -3 7 25 86 119
6600,vehicle_100014,-138 -107 -19 -7 3 14
6600,vehicle_100015,-19 -7 3 14 93 126 -132
6600,vehicle_100016,-99 -14 -3 7 19
6600,vehicle_100018,107 138 -121 -86 -25 -7 3 14 93 126 -132
6600,vehicle_100020,-99 -14 -3 9 55
6900,vehicle_10001,-93 -14 -3 7 25 86 119
6900,vehicle_10002,-73 -47 -21 -7 3 14 93
6900,vehicle_10003,-121 -86 78 -71 73
6900,vehicle_10006,-78 86 121 -138 -107 -19 -7 5 15 -12 14 93 126 -132
6900,vehicle_10008,-47 -21 25 86 121 -138 -107 -55 -9 3 14 93
6900,vehicle_10009,-19 -7 5 15 -12 14 99
6900,vehicle_100010,-14 -3 9 55
6900,vehicle_100011,-99 -14 -3 7 25 86 119
6900,vehicle_100012,-19 -7 9 57 -91
6900,vehicle_100013,-99 91 -57 -9 7 25 86 119
6900,vehicle_100014,-121 -86 -25 -7 5 -10 14
6900,vehicle_100015,107 138 -121 -86 -25 -7 5 -10 14 93 126 -132
6900,vehicle_100016,-99 -14 -3 9 55
6900,vehicle_100018,-19 -7 3 14 93 126 -132
6900,vehicle_100019,-47 -21 -7 5 -10 14 93
6900,vehicle_100020,-99 -14 -3 9 55
7200,vehicle_10001,-93 97 -132 131 -57 -9 7 25 86 119
7200,vehicle_10002,-73 71 -78 86 121 -138 -107 -19 -7 3 14 93
7200,vehicle_10003,-121 -86 78 -71 73
7200,vehicle_10004,-73 71 -78 86 121 -138 -107 -19 -7 3 14
7200,vehicle_10005,-121 -86 78 -71 -47 48 -66
7200,vehicle_10006,-78 86 121 -138 -107 -19 -7 9 57 -91 99
7200,vehicle_10007,-138 -107 -19 -7 5 17 41
7200,vehicle_10008,71 -78 86 121 -138 -107 -19 -7 3 14 93
7200,vehicle_10009,107 138 -121 -86 -25 -7 5 -10 14 93 126 -132
7200,vehicle_100010,-14 -3 7 25 86 121 -138 -107
7200,vehicle_100011,-99 -14 -3 7 25 86 119
7200,vehicle_100012,107 138 -121 -86 -25 -7 3 14
7200,vehicle_100013,-99 -14 -3 7 25 86 119
7200,vehicle_100014,-121 -86 -25 -7 3 14
7200,vehicle_100015,107 138 -121 -86 78 -71 -47 -21 -7 5 -10 14 99
7200,vehicle_100016,-99 -14 -3 7 25 86 121 -138 -107
7200,vehicle_100017,-73 71 -78 86 121 -138 -107 -19 -7 3 14
7200,vehicle_100018,107 138 -121 -86 -25 -7 3 14 93 126 -132
7200,vehicle_100019,71 -78 86 121 -138 -107 -19 -7 5 -10 14 93
7200,vehicle_100020,-99 -14 -3 7 25 86 121 -138 -107
7500,vehicle_10001,-93 -14 -3 9 55 107 138 -121 119
7500,vehicle_10002,-73 -47 -21 -7 3 14 93
7500,vehicle_10003,-138 -107 -55 -9 7 25 78 -71 73
7500,vehicle_10004,-73 -47 -21 -7 3 14
7500,vehicle_10005,-138 -107 -55 -9 5 17 41
7500,vehicle_10006,-71 -47 -21 -7 3 14 93 126 -132
7500,vehicle_10007,-138 -107 -55 -9 5 17 41
7500,vehicle_10008,-47 -21 -7 5 -10 14 93
7500,vehicle_10009,-19 -7 3 14 93 126 -132
7500,vehicle_100010,93 126 -132 131 -57 55
7500,vehicle_100011,-99 -14 -3 9 55 107 138 -121 119
7500,vehicle_100012,-19 -7 3 14
7500,vehicle_100013,-99 -14 -3 9 55 107 138 -121 119
7500,vehicle_100014,-138 -107 -55 -9 3 14
7500,vehicle_100015,-19 -7 3 14 93 126 -132
7500,vehicle_100016,132 -126 -93 -14 -3 9 55
7500,vehicle_100017,-73 -47 -21 -7 5 15 -12 14
7500,vehicle_100018,-19 -7 9 57 -131
7500,vehicle_100019,-47 -21 -7 5 15 -12 14 93
7500,vehicle_100020,132 -126 -93 -14 -3 9 55
7800,vehicle_10001,-93 -14 -3 7 25 86 119
7800,vehicle_10002,-73 71 -78 -25 -7 5 -10 14 93
7800,vehicle_10003,-121 -86 78 -71 73
7800,vehicle_10004,-73 -47 -21 -7 3 14
7800,vehicle_10005,-138 -107 -55 -9 5 17 41
7800,vehicle_10006,-71 -47 -21 -7 3 14 93 126 -132
7800,vehicle_10007,-138 -107 -19 -7 3 12 -15 17 41
7800,vehicle_10008,-47 -21 -7 3 14 93
7800,vehicle_10009,-19 -7 9 57 -91 93 126 -132
7800,vehicle_100010,-14 -3 9 55
7800,vehicle_100011,132 -126 -93 -14 -3 7 25 86 119
7800,vehicle_100012,-19 -7 5 -10 14
7800,vehicle_100013,-99 91 -57 -9 7 25 80 -117 119
7800,vehicle_100014,-138 -107 -55 -9 3 14
7800,vehicle_100015,107 138 -121 -86 78 -71 -47 -21 -7 9 57 -91 93 126 -132
7800,vehicle_100016,131 -91 -14 -3 9 55
7800,vehicle_100017,-73 -47 -21 -7 5 15 -12 14
7800,vehicle_100018,-55 -9 3 14 93 126 -132
7800,vehicle_100019,71 -78 86 121 -138 -107 -55 -9 3 14 93
7800,vehicle_100020,-99 -14 -3 9 55
8100,vehicle_10001,-93 -14 -3 9 55 107 138 -121 119
8100,vehicle_10002,-73 71 -78 -25 -7 3 14 93
8100,vehicle_10003,-138 -107 -55 -9 7 25 78 -71 73
8100,vehicle_10004,-73 71 -78 -25 -7 3 14
8100,vehicle_10005,-138 -107 -55 -9 7 25 78 -71 -47 48 -66
8100,vehicle_10006,-71 -47 -21 -7 3 14 93 126 -132
8100,vehicle_10007,-138 -107 -55 -9 5 17 41
8100,vehicle_10008,71 -78 -25 -7 9 57 -91 93
8100,vehicle_10009,107 138 -121 -86 78 -71 -47 -21 -7 9 57 -91 93 126 -132
8100,vehicle_100010,-14 -3 9 55
8100,vehicle_100011,-99 91 -57 -9 7 25 80 -117 119
8100,vehicle_100012,107 138 -121 117 -80 78 -71 -47 -21 -7 5 15 -12 14
8100,vehicle_100013,-99 -14 -3 7 25 80 -117 119
8100,vehicle_100014,-138 -107 -55 -9 3 14
8100,vehicle_100015,107 138 -121 -86 78 -71 -47 -21 -7 9 57 -91 93 126 -132
8100,vehicle_100016,-99 -14 -3 9 55
8100,vehicle_100017,-73 71 -78 -25 -7 5 15 -12 14
8100,vehicle_100019,71 -78 -25 -7 5 15 -12 14 93
8100,vehicle_100020,-99 -14 -3 9 55
8400,vehicle_10001,-93 -14 -3 7 25 86 119
8400,vehicle_10002,-73 71 -78 86 121 -138 -107 -55 -9 5 15 -12 14 93
8400,vehicle_10003,-138 -107 -19 25 78 -71 73
8400,vehicle_10004,-73 71 -78 -25 -7 3 14
8400,vehicle_10005,-138 -107 -19 25 78 -71 -47 48 -66
8400,vehicle_10006,-71 -47 -21 -7 3 14 93 126 -132
8400,vehicle_10007,-138 -107 -55 -9 5 17 41
8400,vehicle_10008,71 -78 86 121 -138 -107 -19 -7 3 14 97 -126
8400,vehicle_10009,107 138 -121 -86 78 -71 -47 -21 -7 3 14 93 126 -132
8400,vehicle_100010,-14 -3 9 55
8400,vehicle_100011,-99 -14 -3 7 25 80 -117 119
8400,vehicle_100012,107 138 -121 -86 78 -71 -47 -21 -7 3 14
8400,vehicle_100013,-99 91 -57 -9 7 25 80 -117 119
8400,vehicle_100014,-138 -107 -19 -7 3 14
8400,vehicle_100015,107 138 -121 -86 78 -71 -47 -21 -7 3 14 93 126 -132
8400,vehicle_100016,-99 -14 -3 9 55
8400,vehicle_100017,-73 71 -78 86 121 -138 -107 -19 -7 9 57 -91
8400,vehicle_100018,107 138 -121 -86 78 -71 -47 -21 -7 3 14 93 126 -132
8400,vehicle_100019,71 -78 -25 -7 9 57 -91 93
8400,vehicle_100020,-99 -14 -3 9 55
8700,vehicle_10001,-93 -14 -3 9 55 107 138 -121 119
8700,vehicle_10002,-73 -47 -21 -7 3 14 93
8700,vehicle_10003,-138 -107 -55 -9 7 25 78 -71 73
8700,vehicle_10004,-73 71 -50 -21 -7 5 15 -12 14
8700,vehicle_10005,-138 -107 -55 -9 5 17 41
8700,vehicle_10006,-71 -47 -21 -7 3 14 93 126 -132
8700,vehicle_10007,-138 -107 -55 -9 5 17 41
8700,vehicle_10008,-47 -21 -7 3 14 93
8700,vehicle_10009,107 138 -121 -86 78 -71 -47 -21 -7 5 -10 14 93 126 -132
8700,vehicle_100010,93 126 -132 131 -57 -9 7 19
8700,vehicle_100012,107 138 -121 -86 78 -71 -47 -21 -7 9 57 -91
8700,vehicle_100013,132 -126 -93 -14 -3 9 55 107 138 -121 119
8700,vehicle_100014,-138 -107 -55 -9 5 -10 14
8700,vehicle_100015,107 138 -121 -86 -25 -7 9 57 -91 93 126 -132
8700,vehicle_100016,132 -126 -93 -14 -3 7 19
8700,vehicle_100017,-73 -47 -21 -7 5 15 -12 14
8700,vehicle_100018,107 138 -121 -86 -25 -7 5 15 -12 14 93 126 -132
8700,vehicle_100019,71 -78 80 -117 121 -138 -107 -55 -9 3 14 93
8700,vehicle_100020,132 -126 -93 -14 -3 9 55
9000,vehicle_10001,-93 99 131 -57 -9 7 25 86 119
9000,vehicle_10002,-73 -47 -21 -7 3 14 99 132 -126
9000,vehicle_10003,-138 -107 -55 -9 7 21 47 73
9000,vehicle_10004,-73 -47 -21 -7 5 -10 14
9000,vehicle_10005,-138 -107 -55 -9 5 17 41
9000,vehicle_10006,-71 -47 -21 -7 3 14 93 126 -132
9000,vehicle_10007,-138 -107 -19 -7 5 17 41
9000,vehicle_10008,-47 50 -78 -25 -7 3 14 93
9000,vehicle_10009,107 138 -121 -86 -25 -7 3 14 99
9000,vehicle_100010,-14 -3 9 55
9000,vehicle_100011,-99 -14 -3 7 25 86 119
9000,vehicle_100012,107 138 -121 -86 -25 -7 9 57 -91
9000,vehicle_100013,-99 -14 -3 7 25 86 119
9000,vehicle_100014,-138 -107 -19 -7 3 14
9000,vehicle_100015,107 138 -121 -86 -25 -7 3 14 99
9000,vehicle_100016,-99 -14 -3 9 55
9000,vehicle_100017,-73 -47 -21 -7 3 14
9000,vehicle_100018,107 138 -121 -86 -25 -7 3 14 99
9000,vehicle_100019,-47 -21 -7 5 -10 14 99 132 -126
9000,vehicle_100020,-99 -14 -3 7 25 86 121 -138 -107
9300,vehicle_10001,-93 -14 -3 7 25 86 119
9300,vehicle_10002,-73 71 -78 -25 -7 3 14 93
9300,vehicle_10003,-138 -107 -19 25 78 -71 73
9300,vehicle_10004,-73 71 -78 -25 -7 3 14
9300,vehicle_10005,-138 -107 -19 -7 5 17 41
9300,vehicle_10006,-71 -47 -21 -7 3 14 97 -132
9300,vehicle_10007,-138 -107 -19 -7 5 17 41
9300,vehicle_10008,71 -78 86 121 -138 -107 -19 -7 3 14 93
9300,vehicle_10009,107 138 -121 -86 -25 -7 3 14 93 126 -132
9300,vehicle_100010,93 126 -132 131 -57 -9 7 25 86 121 -138 -107
9300,vehicle_100011,132 -126 -93 -14 -3 7 25 80 -117 119
9300,vehicle_100012,107 138 -121 -86 -25 -7 3 14
9300,vehicle_100013,-99 -14 -3 7 25 86 119
9300,vehicle_100014,-138 -107 -19 -7 3 14
9300,vehicle_100015,107 138 -121 -86 -25 -7 5 15 -12 14 93 126 -132
9300,vehicle_100016,-99 -14 -3 7 25 86 121 -138 -107
9300,vehicle_100017,-73 71 -78 86 121 -138 -107 -19 -7 5 15 -12 14
9300,vehicle_100018,107 138 -121 -86 -25 -7 3 14 93 126 -132
9300,vehicle_100019,71 -78 -25 -7 5 -10 14 93
9300,vehicle_100020,-99 -14 -3 9 55
9600,vehicle_10001,-93 -14 -3 7 25 80 -117 119
9600,vehicle_10002,-73 71 -78 -25 -7 5 15 -12 14 93
9600,vehicle_10003,-138 -107 -19 25 78 -71 73
9600,vehicle_10004,-73 71 -78 80 -117 121 -138 -107 -19 -7 5 15 -12 14
9600,vehicle_10005,-138 -107 -19 -7 5 17 41
9600,vehicle_10006,-78 86 121 -138 -107 -19 -7 5 15 -12 14 93 126 -132
9600,vehicle_10007,-138 -107 -19 -7 5 17 41
9600,vehicle_10008,71 -78 86 121 -138 -107 -19 -7 9 57 -91 93
9600,vehicle_10009,107 138 -121 -86 78 -71 -47 -21 -7 3 14 93 126 -132
9600,vehicle_100010,93 126 -132 131 -57 -9 7 25 80 -117 121 -138 -107
9600,vehicle_100011,-99 -14 -3 7 25 86 119
9600,vehicle_100012,107 138 -121 -86 78 -71 -47 -21 -7 5 -10 14
9600,vehicle_100013,-99 -14 -3 7 25 86 119
9600,vehicle_100014,-138 -107 -19 -7 3 14
9600,vehicle_100015,107 138 -121 -86 78 -71 -47 -21 -7 5 -10 14 99
9600,vehicle_100016,-99 -14 -3 9 55
9600,vehicle_100017,-73 -47 -21 -7 3 14
9600,vehicle_100018,107 138 -121 -86 78 -71 -47 -21 -7 5 15 -12 14 93 126 -132
9600,vehicle_100019,-47 -21 -7 3 14 93
9600,vehicle_100020,-99 -14 -3 9 55
9900,vehicle_10001,-93 -14 -3 7 25 86 119
9900,vehicle_10003,-121 -86 78 -71 73
9900,vehicle_10005,-121 -86 78 -71 -47 48 -66
9900,vehicle_10006,-71 -47 -21 -7 5 15 -12 14 93 126 -132
9900,vehicle_10007,-138 -107 -19 -7 5 17 41
9900,vehicle_10009,107 138 -121 -86 78 -71 -47 -21 -7 9 57 -91 93 126 -132
9900,vehicle_100010,-14 -3 9 55
9900,vehicle_100011,-99 -14 -3 7 25 86 119
9900,vehicle_100012,107 138 -121 -86 78 -71 -47 -21 -7 5 15 -12 14
9900,vehicle_100013,-99 -14 -3 7 25 86 119
9900,vehicle_100014,-138 -107 -19 -7 3 14
9900,vehicle_100015,107 138 -121 -86 78 -71 -47 -21 -7 5 15 -12 14 93 126 -132
9900,vehicle_100017,-73 -47 -21 -7 3 14
9900,vehicle_100018,107 138 -121 -86 78 -71 -47 -21 -7 5 15 -12 14 93 126 -132
9900,vehicle_100020,-99 -14 -3 9 55
10200,vehicle_10001,-93 -14 -3 7 25 86 119
10200,vehicle_10002,-73 -47 -21 -7 3 14 97 -126
10200,vehicle_10003,-121 -86 78 -71 73
10200,vehicle_10004,-73 -47 -21 -7 5 15 -12 14
10200,vehicle_10006,-71 -47 -21 -7 5 15 -12 14 93 126 -132
10200,vehicle_10007,-138 -107 -19 -7 5 17 41
10200,vehicle_10008,-47 -21 -7 5 15 -12 14 97 -126
10200,vehicle_10009,107 138 -121 -86 78 -71 -47 -21 -7 5 15 -12 14 93 126 -132
10200,vehicle_100010,-14 -3 9 55
10200,vehicle_100011,-99 -14 -3 7 25 86 119
10200,vehicle_100012,107 138 -121 117 -80 78 -71 -47 -21 -7 3 14
10200,vehicle_100013,-99 -14 -3 7 25 86 119
10200,vehicle_100014,-138 -107 -19 -7 3 14
10200,vehicle_100016,132 -126 -93 -14 -3 9 55
10200,vehicle_100017,-73 -47 -21 -7 3 14
10200,vehicle_100019,-47 -21 -7 5 15 -12 14 97 -126
10200,vehicle_100020,132 -126 -93 -14 -3 9 55
10500,vehicle_10001,-93 -14 -3 7 25 86 119
10500,vehicle_10002,-73 -47 -21 -7 3 14 93
10500,vehicle_10004,-73 -47 -21 -7 5 15 -12 14
10500,vehicle_10006,-71 -47 -21 -7 3 14 93 126 -132
10500,vehicle_10008,-47 -21 -7 5 -10 14 93
10500,vehicle_10009,-19 -7 3 14 93 126 -132
10500,vehicle_100010,-14 -3 9 55
10500,vehicle_100011,-99 -14 -3 7 25 86 119
10500,vehicle_100012,-19 -7 9 57 -91
10500,vehicle_100013,-99 -14 -3 7 25 86 119
10500,vehicle_100014,-138 -107 -19 -7 3 14
10500,vehicle_100015,-19 -7 5 15 -12 14 93 126 -132
10500,vehicle_100016,-99 -14 -3 9 55
10500,vehicle_100017,-73 -47 -21 -7 5 -10 14
10500,vehicle_100018,-19 -7 3 14 93 126 -132
10500,vehicle_100019,-47 -21 -7 3 14 93
10500,vehicle_100020,-99 -14 -3 9 55
10800,vehicle_10001,-93 -14 -3 7 25 86 119
10800,vehicle_10002,-73 -47 -21 -7 3 14 93
10800,vehicle_10004,-73 -47 -21 -7 3 14
10800,vehicle_10006,-71 -47 -21 -7 5 15 -12 14 93 126 -132
10800,vehicle_10008,-47 -21 -7 5 15 -12 14 93
10800,vehicle_10009,-19 -7 3 14 93 126 -132
10800,vehicle_100010,93 126 -132 131 -57 -9 7 19
10800,vehicle_100011,-99 -14 -3 7 25 86 119
10800,vehicle_100012,-19 -7 3 14
10800,vehicle_100013,-99 91 -57 -9 7 25 86 119
10800,vehicle_100014,-138 -107 -19 -7 9 57 -91
10800,vehicle_100015,-19 -7 3 14 93 126 -132
10800,vehicle_100016,-99 91 -57 -9 7 19
10800,vehicle_100017,-73 -47 -21 -7 5 15 -12 14
10800,vehicle_100018,-19 -7 5 15 -12 14 93 126 -132
10800,vehicle_100019,-47 -21 -7 3 14 93
10800,vehicle_100020,-99 -14 -3 9 55
11100,vehicle_10001,-93 -14 -3 7 25 86 119
11100,vehicle_10002,-73 71 -50 -21 -7 3 14 93
11100,vehicle_10004,-73 -47 -21 -7 5 15 -12 14
11100,vehicle_10006,-71 -47 -21 -7 3 14 93 126 -132
11100,vehicle_10008,71 -78 86 121 -138 -107 -19 -7 5 -10 14 93
11100,vehicle_10009,-19 -7 9 57 -91 93 126 -132
11100,vehicle_100010,93 126 -132 131 -57 -9 7 19
11100,vehicle_100011,132 -126 -93 -14 -3 7 25 86 119
11100,vehicle_100012,-19 -7 5 15 -12 14
11100,vehicle_100013,-99 -14 -3 7 25 86 119
11100,vehicle_100014,-138 -107 -19 -7 5 -10 14
11100,vehicle_100015,-19 -7 3 14 93 126 -132
11100,vehicle_100016,132 -126 -93 91 -57 55
11100,vehicle_100017,-73 -47 -21 -7 3 14
11100,vehicle_100018,-19 -7 9 57 -91 93 126 -132
11100,vehicle_100019,71 -78 86 121 -138 -107 -19 -7 3 14 93
11100,vehicle_100020,132 -126 -93 -14 -3 9 55
11400,vehicle_10001,-93 -14 -3 7 25 86 119
11400,vehicle_10002,-73 71 -50 -21 -7 5 15 -12 14 93
11400,vehicle_10003,-138 -107 -55 -9 7 25 78 -71 73
11400,vehicle_10004,-73 -47 -21 -7 5 15 -12 14
11400,vehicle_10005,-138 -107 -55 -9 3 12 -15 17 41
11400,vehicle_10006,-78 -25 -7 3 14 93 126 -132
11400,vehicle_10007,-138 -107 -19 -7 5 17 41
11400,vehicle_10008,-47 -21 -7 5 15 -12 14 93
11400,vehicle_100010,93 126 -132 131 -57 -9 7 19
11400,vehicle_100011,-99 -14 -3 7 25 86 119
11400,vehicle_100013,-99 -14 -3 9 55 107 138 -121 119
11400,vehicle_100014,-138 -107 -19 -7 3 14
11400,vehicle_100016,-99 -14 -3 9 55
11400,vehicle_100017,-73 71 -50 -21 -7 3 14
11400,vehicle_100018,-55 -9 5 15 -12 14 93 126 -132
11400,vehicle_100019,71 -50 -21 -7 5 15 -12 14 93
11400,vehicle_100020,131 -91 -14 -3 9 55
11700,vehicle_10001,-93 -14 -3 7 25 86 119
11700,vehicle_10002,-73 -47 -21 -7 3 14 93
11700,vehicle_10003,-138 -107 -55 -9 7 25 78 -71 73
11700,vehicle_10004,-73 -47 -21 -7 5 15 -12 14
11700,vehicle_10005,-138 -107 -19 -7 5 17 41
11700,vehicle_10006,-71 -47 -21 -7 3 14 93 126 -132
11700,vehicle_10007,-138 -107 -55 -9 5 17 41
11700,vehicle_10008,-47 -21 -7 3 14 93
11700,vehicle_100010,93 126 -132 131 -57 -9 7 19
11700,vehicle_100011,132 -126 -93 -14 -3 7 25 86 119
11700,vehicle_100013,132 -126 -93 -14 -3 7 25 86 119
11700,vehicle_100014,-138 -107 -55 -9 3 14
11700,vehicle_100016,132 -126 -93 -14 -3 9 55
11700,vehicle_100017,-73 -47 -21 -7 3 14
11700,vehicle_100018,107 138 -121 117 -80 -25 -7 5 -10 14 93 126 -132
11700,vehicle_100019,-47 -21 -7 5 15 -12 14 93
11700,vehicle_100020,132 -126 -93 -14 -3 9 55
12000,vehicle_10001,-93 -14 -3 7 25 86 119
12000,vehicle_10002,-73 71 -78 -25 -7 3 14 93
12000,vehicle_10003,-138 -107 -55 -9 7 25 78 -71 73
12000,vehicle_10004,-73 -47 -21 -7 5 15 -12 14
12000,vehicle_10005,-138 -107 -19 -7 5 17 41
12000,vehicle_10006,-71 -47 -21 -7 5 15 -12 14 93 126 -132
12000,vehicle_10007,-138 -107 -55 -9 5 17 41
12000,vehicle_10008,-47 -21 -7 5 15 -12 14 93
12000,vehicle_100010,-14 -3 9 55
12000,vehicle_100011,-99 91 -57 -9 7 25 86 119
12000,vehicle_100013,-99 -14 -3 7 25 80 -117 119
12000,vehicle_100014,-138 -107 -19 -7 3 14
12000,vehicle_100016,132 -126 -93 -14 -3 9 55
12000,vehicle_100017,-73 -47 -21 -7 5 -10 14
12000,vehicle_100018,107 138 -121 -86 -25 -7 9 57 -91 93 126 -132
12000,vehicle_100019,-47 -21 -7 5 15 -12 14 93
12000,vehicle_100020,-99 -14 -3 9 55
12300,vehicle_10001,-93 -14 -3 7 25 80 -117 119
12300,vehicle_10002,-73 -47 -21 -7 3 14 93
12300,vehicle_10003,-138 -107 -55 -9 7 21 47 73
12300,vehicle_10004,-73 -47 -21 -7 3 14
12300,vehicle_10005,-138 -107 -19 -7 5 17 41
12300,vehicle_10006,-71 -47 -21 -7 5 -10 14 93 126 -132
12300,vehicle_10007,-138 -107 -19 -7 5 17 41
12300,vehicle_10008,-47 -21 -7 3 14 93
12300,vehicle_10009,-19 -7 5 15 -12 14 93 126 -132
12300,vehicle_100010,93 126 -132 131 -57 -9 7 19
12300,vehicle_100011,132 -126 -93 -14 -3 7 25 80 -117 119
12300,vehicle_100012,107 138 -121 117 -80 -25 -7 3 14
12300,vehicle_100013,-99 -14 -3 7 25 80 -117 119
12300,vehicle_100014,-138 -107 -19 -7 3 14
12300,vehicle_100015,107 138 -121 117 -80 -25 -7 5 15 -12 14 93 126 -132
12300,vehicle_100016,-99 -14 -3 9 55
12300,vehicle_100017,-73 -47 -21 -7 3 14
12300,vehicle_100018,107 138 -121 117 -80 -25 -7 5 15 -12 14 93 126 -132
12300,vehicle_100019,-47 -21 -7 3 14 93
12300,vehicle_100020,132 -126 -93 -14 -3 9 55
12600,vehicle_10001,-93 -14 -3 7 25 86 119
12600,vehicle_10002,-73 -47 -21 -7 3 14 93
12600,vehicle_10004,-73 -47 -21 -7 3 14
12600,vehicle_10005,-138 -107 -19 -7 5 17 41
12600,vehicle_10006,-71 -47 -21 -7 3 14 97 -132
12600,vehicle_10007,-138 -107 -19 -7 5 17 41
12600,vehicle_10008,-47 -21 -7 3 14 93
12600,vehicle_100010,-14 -3 9 55
12600,vehicle_100011,-99 -14 -3 7 25 86 119
12600,vehicle_100012,107 138 -121 117 -80 -25 -7 5 -10 14
12600,vehicle_100013,-99 -14 -3 7 25 86 119
12600,vehicle_100014,-138 -107 -19 -7 3 14
12600,vehicle_100016,-99 -14 -3 9 55
12600,vehicle_100017,-73 -47 -21 -7 3 14
12600,vehicle_100019,-47 -21 -7 5 15 -12 14 93
12600,vehicle_100020,-99 -14 -3 9 55
12900,vehicle_10001,-93 -14 -3 7 25 86 119
12900,vehicle_10002,-73 -47 -21 -7 3 14 93
12900,vehicle_10003,-138 -107 -55 -9 7 25 78 -71 73
12900,vehicle_10004,-73 -47 -21 -7 3 14
12900,vehicle_10005,-138 -107 -19 -7 5 17 41
12900,vehicle_10006,-71 -47 -21 -7 3 14 93 126 -132
12900,vehicle_10007,-138 -107 -19 -7 5 17 41
12900,vehicle_10008,-47 -21 -7 5 15 -12 14 93
12900,vehicle_100010,-14 -3 7 19
12900,vehicle_100011,-99 -14 -3 7 25 86 119
12900,vehicle_100013,-99 -14 -3 7 25 86 119
12900,vehicle_100014,-138 -107 -19 -7 3 14
12900,vehicle_100015,107 138 -121 -86 -25 -7 5 -10 14 93 126 -132
12900,vehicle_100016,-99 -14 -3 9 55
12900,vehicle_100017,-73 -47 -21 -7 3 14
12900,vehicle_100018,107 138 -121 117 -80 -25 -7 5 15 -12 14 93 126 -132
12900,vehicle_100019,-47 -21 -7 3 14 93
12900,vehicle_100020,-99 -14 -3 9 55
13200,vehicle_10001,-93 -14 -3 7 25 80 -117 119
13200,vehicle_10002,-73 71 -78 -25 -7 3 14 93
13200,vehicle_10003,-138 -107 -55 -9 7 25 78 -71 73
13200,vehicle_10004,-73 -47 -21 -7 3 14
13200,vehicle_10005,-138 -107 -19 -7 5 17 41
13200,vehicle_10006,-71 -47 -21 -7 5 15 -12 14 93 126 -132
13200,vehicle_10007,-138 -107 -19 -7 5 17 41
13200,vehicle_10008,71 -78 -25 -7 5 15 -12 14 93
13200,vehicle_100010,91 -57 -9 7 19
13200,vehicle_100011,-99 -14 -3 7 25 80 -117 119
13200,vehicle_100013,-99 -14 -3 7 25 80 -117 119
13200,vehicle_100014,-138 -107 -19 -7 3 14
13200,vehicle_100016,-99 -14 -3 7 19
13200,vehicle_100017,-73 71 -78 -25 -7 3 14
13200,vehicle_100019,-47 -21 -7 5 15 -12 14 93
13200,vehicle_100020,-99 -14 -3 7 19
13500,vehicle_10001,-93 -14 -3 7 25 86 119
13500,vehicle_10002,-73 -47 -21 -7 3 14 93
13500,vehicle_10003,-138 -107 -55 -9 7 21 47 73
13500,vehicle_10004,-73 -47 -21 -7 5 15 -12 14
13500,vehicle_10005,-138 -107 -19 -7 5 17 41
13500,vehicle_10006,-71 -47 -21 -7 5 -10 14 93 126 -132
13500,vehicle_10007,-138 -107 -19 -7 3 12 -15 17 41
13500,vehicle_10008,-47 -21 -7 3 14 93
13500,vehicle_100010,93 126 -132 131 -57 -9 7 19
13500,vehicle_100011,-99 -14 -3 7 25 86 119
13500,vehicle_100013,-99 -14 -3 9 55 107 138 -121 119
13500,vehicle_100014,-138 -107 -19 -7 3 14
13500,vehicle_100016,132 -97 -14 -3 9 55
13500,vehicle_100017,-73 -47 -21 -7 5 15 -12 14
13500,vehicle_100019,-47 -21 -7 3 14 93
13500,vehicle_100020,-99 -14 -3 9 55
13800,vehicle_10001,-93 -14 -3 7 25 86 119
13800,vehicle_10002,-73 -47 -21 -7 3 14 93
13800,vehicle_10003,-121 -86 78 -71 73
13800,vehicle_10004,-73 -47 -21 -7 3 14
13800,vehicle_10005,-138 -107 -19 -7 5 17 41
13800,vehicle_10006,-71 -47 -21 -7 3 14 93 126 -132
13800,vehicle_10007,-138 -107 -19 -7 9 57 -91 -14 12 -15 17 41
13800,vehicle_10008,-47 -21 -7 3 14 93
13800,vehicle_10009,107 138 -121 -86 -25 -7 9 57 -91 93 126 -132
13800,vehicle_100010,-14 -3 7 25 86 121 -138 -107
13800,vehicle_100011,-99 -14 -3 7 25 86 119
13800,vehicle_100012,107 138 -121 -86 -25 -7 3 14
13800,vehicle_100013,-99 -14 -3 7 25 86 119
13800,vehicle_100014,-138 -107 -19 -7 3 14
13800,vehicle_100015,107 138 -121 -86 -25 -7 3 14 93 126 -132
13800,vehicle_100016,-99 -14 -3 7 25 86 121 -138 -107
13800,vehicle_100017,-73 -47 -21 -7 3 14
13800,vehicle_100018,107 138 -121 -86 -25 -7 5 15 -12 14 93 126 -132
13800,vehicle_100019,-47 -21 -7 3 14 93
13800,vehicle_100020,-99 -14 -3 9 55
14100,vehicle_10001,-93 -14 -3 7 25 86 119
14100,vehicle_10002,-73 -47 -21 -7 3 14 93
14100,vehicle_10003,-138 -107 -55 -9 7 21 47 73
14100,vehicle_10004,-73 -47 -21 -7 3 14
14100,vehicle_10005,-138 -107 -19 -7 5 17 41
14100,vehicle_10006,-71 -47 -21 -7 3 14 93 126 -132
14100,vehicle_10007,-138 -107 -19 -7 5 17 41
14100,vehicle_10008,-47 -21 -7 3 14 93
14100,vehicle_10009,107 138 -121 -86 -25 -7 3 14 93 126 -132
14100,vehicle_100010,93 126 -132 131 -57 -9 7 25 86 121 -138 -107
14100,vehicle_100011,132 -97 -14 -3 7 25 86 119
14100,vehicle_100012,107 138 -121 -86 -25 -7 9 57 -91
14100,vehicle_100013,-99 -14 -3 7 25 86 119
14100,vehicle_100014,-138 -107 -19 -7 3 14
14100,vehicle_100015,-19 -7 5 -10 14 93 126 -132
14100,vehicle_100016,132 -126 -93 -14 -3 9 55
14100,vehicle_100017,-73 -47 -21 -7 3 14
14100,vehicle_100018,107 138 -121 -86 -25 -7 3 14 93 126 -132
14100,vehicle_100019,-47 -21 -7 3 14 93
14100,vehicle_100020,132 -126 -93 -14 -3 9 55
